{"test": {"network": 39546207.05573291, "cpu": 1.1316282657004195, "flight": 10.8}}